2.85724E+12,1.7439978,0.46309757,-4.4029984,1.8055799,0.2648731,-4.377754,1.6933161,0.26979607,-4.4591208,1.6855109,0.01221022,-4.5362263,1.6142471,-0.20429152,-4.579548,1.9372581,0.25187612,-4.351958,2.0754306,0.011894405,-4.4188843,2.0775988,-0.22316885,-4.4754367,1.6282991,-0.2138176,-4.287906,1.7492186,-0.62215704,-4.6904826,1.6649667,-0.96292496,-4.497427,1.8182218,-0.23673856,-4.294893,1.8706859,-0.6317128,-4.5810103,1.7872024,-1.0148727,-4.465984,1.9336311,0.5731518,-4.8986063,1.8386334,0.53757083,-4.594504,nan,nan,nan,1.8637733,0.46304443,-4.402493
2.85724E+12,1.7533358,0.46239612,-4.396327,1.8066927,0.25186184,-4.3517,1.6875794,0.26888168,-4.4440126,1.72796,0.000297755,-4.650476,1.5988324,-0.20234084,-4.5358152,1.9506085,0.2520689,-4.3552866,2.2033606,0.000296921,-4.6374645,2.2582304,-0.25901422,-4.6990514,1.6393816,-0.21527293,-4.3170934,1.70414,-0.6181315,-4.5695996,1.6723137,-0.96717405,-4.517274,1.8289362,-0.23813373,-4.320205,1.8890295,-0.63367873,-4.595267,1.7886704,-1.0039611,-4.469652,2.0023558,0.59352255,-5.0727215,1.7883462,0.51933116,-4.438608,nan,nan,nan,1.8729225,0.46234143,-4.3958087
2.85724E+12,1.7491148,0.45815104,-4.3559666,1.8081315,0.24834049,-4.326754,1.7006788,0.27096903,-4.4785104,1.6873544,-0.001863748,-4.514117,1.5948948,-0.20184255,-4.5246468,1.9561746,0.25126114,-4.34133,2.228942,-0.021829993,-4.660271,2.3783693,-0.2822267,-4.854091,1.6448967,-0.2159971,-4.3316154,1.6345812,-0.5892142,-4.409445,1.6724997,-0.9672816,-4.517775,1.8364502,-0.23786053,-4.315242,1.8827012,-0.6273978,-4.549717,1.8113382,-1.0145717,-4.5262938,1.7319703,0.49503565,-4.350819,1.8132724,0.52016306,-4.4457235,nan,nan,nan,1.8676019,0.45809686,-4.3554525
2.85724E+12,1.7463958,0.456448,-4.339823,1.8065023,0.24706693,-4.3139124,1.6917747,0.26955047,-4.455061,1.6639395,0.005572826,-4.442612,1.5993836,-0.20028755,-4.4897466,1.9128258,0.23856875,-4.254469,2.282011,-0.029408723,-4.7808537,2.4054167,-0.294783,-4.844685,1.6348057,-0.22242212,-4.3050346,1.6039338,-0.5875206,-4.357713,1.6618742,-0.9530573,-4.4890914,1.8233229,-0.24452269,-4.2958307,1.8934644,-0.63789666,-4.5662584,1.8176342,-1.0093832,-4.5420284,1.7022152,0.4825819,-4.283564,1.8439126,0.52689624,-4.5033293,nan,nan,nan,1.8644427,0.45639467,-4.3393188
2.85724E+12,1.7334219,0.46582246,-4.3315086,1.79158,0.24586757,-4.292606,1.668077,0.2657747,-4.3926396,1.6437323,0.023164183,-4.424435,nan,nan,nan,1.9108809,0.23519836,-4.255775,2.188706,-0.030932218,-4.6227846,2.1411753,-0.2678525,-4.3162704,1.6246319,-0.21864098,-4.296922,1.5740547,-0.5764582,-4.3091598,1.6269207,-0.95882905,-4.4340124,1.8205388,-0.24111769,-4.295032,1.892635,-0.6408738,-4.561537,1.8130833,-1.0104518,-4.5305543,1.6585656,0.47985542,-4.1870265,1.8000414,0.515705,-4.408003,nan,nan,nan,1.848511,0.4522074,-4.299652
2.85724E+12,1.7027047,0.45431215,-4.2610765,1.7665823,0.24418153,-4.257757,1.6486166,0.2637236,-4.358925,1.6298196,0.032605797,-4.425632,nan,nan,nan,1.9285825,0.23606953,-4.2993965,1.9982243,-0.022990197,-4.2678123,1.972177,-0.2414718,-4.0614543,1.6078987,-0.21485066,-4.2625456,1.5406921,-0.577005,-4.2870026,1.5293117,-0.9403143,-4.2773485,1.799432,-0.24266222,-4.2484345,1.8842446,-0.64204836,-4.558753,1.80443,-1.0081381,-4.5087852,1.6678071,0.478514,-4.210583,1.756212,0.49199218,-4.285506,nan,nan,nan,1.822534,0.4474485,-4.2548323
2.85724E+12,1.6785696,0.44718146,-4.2207084,1.7408737,0.2428677,-4.226759,1.6263096,0.26178738,-4.3272877,1.5720749,0.036559403,-4.3080235,nan,nan,nan,1.9302967,0.23671909,-4.3206296,1.9433955,-0.023964047,-4.219655,1.9114206,-0.24532568,-4.0733814,1.5856893,-0.21246839,-4.2418694,1.5198421,-0.5788613,-4.285113,1.4197862,-0.92944086,-4.1371374,1.7830712,-0.23783237,-4.2264924,1.8542911,-0.642612,-4.514471,1.7896422,-1.0080223,-4.4715486,1.6427443,0.47244897,-4.178561,1.7417735,0.4931334,-4.266724,nan,nan,nan,1.7952381,0.43746656,-4.21682
2.85724E+12,1.6564714,0.44600368,-4.2009,1.6965735,0.2399325,-4.1672826,1.5863525,0.25632012,-4.2368145,1.5114168,0.037541628,-4.196949,1.5402815,-0.16022477,-4.4022284,1.8578724,0.22919117,-4.1827855,1.8903873,-0.029755563,-4.185005,1.7887206,-0.24011755,-3.959403,1.5472925,-0.21505678,-4.1944094,1.470529,-0.569747,-4.209251,1.3348663,-0.92855674,-4.058198,1.7443453,-0.23805904,-4.173712,1.8109955,-0.6445772,-4.4587064,1.7853447,-1.0011913,-4.4446845,1.6188669,0.47035354,-4.1451826,1.7149004,0.48722118,-4.2442536,nan,nan,nan,1.7665172,0.42845297,-4.1657248
2.85724E+12,1.6173877,0.43756062,-4.169898,1.6457901,0.22522825,-4.1003923,1.5352446,0.24091595,-4.1731396,1.4684014,0.031613827,-4.159314,nan,nan,nan,1.8235097,0.21690458,-4.161587,1.829063,-0.04989031,-4.134805,1.5830041,-0.23499656,-3.696979,1.4871227,-0.21974444,-4.112055,1.4304118,-0.57182753,-4.1790376,1.2632691,-0.93539345,-4.0252485,1.673797,-0.24626762,-4.0855618,1.7834141,-0.6471963,-4.4373736,1.7812884,-0.9835578,-4.4248605,1.563998,0.45515952,-4.0736384,1.6687995,0.48057532,-4.20422,nan,nan,nan,1.7312199,0.42668316,-4.141649
2.85724E+12,1.5722755,0.43688446,-4.14129,1.5889082,0.21467681,-4.0352225,1.465117,0.22783056,-4.075213,1.4087664,0.015458375,-4.104939,nan,nan,nan,1.745702,0.20525753,-4.0720263,1.7181937,-0.055161953,-3.9957418,1.5019275,-0.23656744,-3.6985226,1.4346133,-0.22175294,-4.046146,1.3623972,-0.5697613,-4.0954924,1.2135874,-0.9433879,-4.0051637,1.6117226,-0.24464658,-4.0115843,1.7593411,-0.6533054,-4.41923,1.7727195,-0.97236776,-4.414327,1.5231421,0.4561401,-4.04746,1.6108105,0.47156554,-4.1338935,nan,nan,nan,1.6655163,0.41596597,-4.0558405
2.85724E+12,1.4985455,0.41529393,-4.0517793,1.5230435,0.21283148,-3.9694,1.3967922,0.23303469,-3.9954786,1.3593118,0.010456532,-4.060868,nan,nan,nan,1.697365,0.20619929,-4.0530314,1.6765391,-0.057962954,-4.0008297,1.4691525,-0.2415567,-3.7762787,1.376551,-0.21606067,-3.9904392,1.3262235,-0.5716476,-4.068528,1.1974646,-0.9572622,-4.015215,1.5504853,-0.23688641,-3.9595878,1.7284727,-0.6422472,-4.395348,1.7570516,-0.9579578,-4.3995385,1.4606695,0.44521895,-3.9969194,1.5484567,0.4665683,-4.0932293,nan,nan,nan,1.6164763,0.41138738,-4.020558
2.85724E+12,1.4233634,0.42090672,-3.9687076,1.4549869,0.2168912,-3.9081674,1.3443011,0.23037706,-3.9656765,1.2963924,0.013602823,-4.0115585,1.227527,-0.15769178,-3.9206161,1.6100403,0.20931485,-3.9649508,1.6001161,-0.051787198,-3.9245348,1.4238659,-0.23068649,-3.778012,1.3183863,-0.21125692,-3.948311,1.2680846,-0.5782356,-4.017607,1.1886026,-0.9587742,-3.9994268,1.492923,-0.23114401,-3.9268823,1.568408,-0.6079774,-4.1226134,1.7322258,-0.9390496,-4.368919,1.3972123,0.45150208,-3.9362092,1.4733529,0.45903406,-4.001825,nan,nan,nan,1.5212204,0.42135572,-3.9369378
2.85724E+12,1.3438418,0.42429957,-3.9074707,1.3856688,0.22480282,-3.8607335,1.2681147,0.23701906,-3.9061341,1.2302623,0.01640889,-3.953764,1.1650821,-0.18279734,-3.8888557,1.5242512,0.216104,-3.8899255,1.5442867,-0.03618905,-3.8958974,1.3904195,-0.22313166,-3.77938,1.2547704,-0.21268967,-3.9117486,1.2361214,-0.5843421,-4.003869,1.1902449,-0.958086,-3.9917996,1.418363,-0.22580278,-3.8816397,1.4423757,-0.58961105,-3.9773772,1.6203485,-0.8863168,-4.1814866,1.3217494,0.45376813,-3.8791254,1.3980304,0.45835203,-3.9307954,nan,nan,nan,1.4505634,0.43926406,-3.8886642
2.85724E+12,1.2833261,0.43527937,-3.8539903,1.317759,0.2399624,-3.824853,1.1991894,0.24914642,-3.864739,1.1570976,0.007716507,-3.8870537,1.1073759,-0.20751047,-3.8462915,1.444932,0.22945234,-3.8179755,1.494817,-0.030897796,-3.8669817,1.3573316,-0.22546005,-3.720655,1.2030814,-0.21263778,-3.8702247,1.1997242,-0.5794271,-3.9435222,1.1894104,-0.95085996,-3.9659936,1.363078,-0.22209579,-3.8448238,1.3165066,-0.5688969,-3.8641798,1.4705278,-0.8493506,-3.9864793,1.2637097,0.46728167,-3.8364773,1.3212478,0.46987623,-3.87401,nan,nan,nan,1.3834606,0.4548995,-3.8556867
2.85724E+12,1.2133802,0.43932188,-3.8016984,1.2626184,0.24851072,-3.7942622,1.1411011,0.25855452,-3.8312087,1.1141815,-0.003087461,-3.8508956,1.0459962,-0.22577298,-3.804746,1.3932008,0.24266213,-3.7763138,1.4349409,-0.022622824,-3.7983255,1.3479024,-0.22816479,-3.690216,1.1589357,-0.20679078,-3.8380952,1.1615422,-0.57564366,-3.8741589,1.1891899,-0.9485531,-3.9417772,1.3162757,-0.21430385,-3.8135412,1.213955,-0.5611023,-3.7957656,1.2546258,-0.8557944,-3.6867435,1.19485,0.46901748,-3.781504,1.2565808,0.47978088,-3.8188872,nan,nan,nan,1.3241994,0.46749976,-3.8289773
2.85724E+12,1.1556212,0.45283893,-3.7636845,1.213766,0.2577756,-3.7758725,1.0966617,0.26043236,-3.804615,1.0710864,-0.009510487,-3.8042037,1.0025687,-0.23465785,-3.7760615,1.3392668,0.24932519,-3.7451785,1.3961437,-0.018116415,-3.7626169,1.3310816,-0.23806378,-3.6390653,1.1117541,-0.21253085,-3.8051147,1.1250063,-0.56922746,-3.810865,1.1736195,-0.92789984,-3.871662,1.2730739,-0.21405384,-3.7812285,1.1363876,-0.5609442,-3.748873,1.1314385,-0.8846736,-3.6312892,1.1357942,0.47327793,-3.7438018,1.190829,0.4901035,-3.7851985,nan,nan,nan,1.2731304,0.46821052,-3.8144045
2.85724E+12,1.0982628,0.4452858,-3.7249334,1.1623527,0.2503767,-3.7435732,1.0484425,0.25262296,-3.7942488,1.030571,-0.017789036,-3.780109,0.9629251,-0.24159938,-3.744073,1.2874717,0.24582464,-3.7157583,1.3388524,-0.016051173,-3.706348,1.3317378,-0.24649665,-3.6412623,1.0739236,-0.22083771,-3.7719295,1.0908225,-0.57215893,-3.7562118,1.1522042,-0.91328615,-3.8246834,1.2338054,-0.21918207,-3.7528324,1.0706084,-0.5600257,-3.7140572,0.96681434,-0.9066632,-3.4897764,1.0806843,0.46246234,-3.7062893,1.1384597,0.47257584,-3.7305214,nan,nan,nan,1.226532,0.46578068,-3.8034782
2.85724E+12,1.0475441,0.43589687,-3.6797578,1.1189865,0.23833787,-3.7164497,1.0103563,0.24028903,-3.7749023,0.9890337,-0.027040243,-3.7244174,0.9117977,-0.24717233,-3.7004404,1.2387363,0.23637095,-3.6927242,1.2935648,-0.020505756,-3.644518,1.3209527,-0.25547874,-3.6350336,1.0157112,-0.23430675,-3.7219133,1.060432,-0.56962925,-3.697968,1.1455731,-0.90519905,-3.8006308,1.1765804,-0.23590046,-3.698954,1.0158316,-0.5699936,-3.6637654,0.84952074,-0.9313194,-3.4256754,1.0317073,0.451478,-3.6623952,1.0812842,0.4568014,-3.676912,nan,nan,nan,1.1696944,0.45740888,-3.755031
2.85724E+12,0.99118525,0.4212416,-3.6306093,1.0721564,0.22863872,-3.6812277,0.9754342,0.2314671,-3.7551813,0.94397765,-0.031665176,-3.675464,0.87533545,-0.24213311,-3.6516566,1.1953526,0.22752425,-3.6510324,1.2617055,-0.029195845,-3.6240175,1.2920965,-0.26362538,-3.6102064,0.9689888,-0.24597144,-3.6716912,1.0283648,-0.5636887,-3.6412387,1.1318815,-0.88102746,-3.7713006,1.125569,-0.24540502,-3.649526,0.9611122,-0.578295,-3.6156278,0.7794412,-0.9430478,-3.3772616,0.97661144,0.4412884,-3.614213,1.0260384,0.44361657,-3.623598,nan,nan,nan,1.1320231,0.45143917,-3.7279837
2.85724E+12,0.94707847,0.41894102,-3.5789025,1.0341035,0.22658901,-3.6421814,0.9369682,0.23804533,-3.7256234,nan,nan,nan,nan,nan,nan,1.1457458,0.22501346,-3.598245,1.2116112,-0.034726918,-3.5849345,1.2484571,-0.267351,-3.592831,0.9141941,-0.24536988,-3.6184254,0.9570702,-0.5690935,-3.5782175,1.1035497,-0.8576329,-3.7406147,1.0678726,-0.24878785,-3.5997074,0.9191854,-0.58820343,-3.5612574,0.754979,-0.9519779,-3.3600912,0.92785835,0.44198227,-3.562142,0.97671854,0.44242662,-3.5669942,nan,nan,nan,1.0863923,0.45105046,-3.7019622
2.85724E+12,0.8942624,0.41957393,-3.5205984,0.98351777,0.2341629,-3.5922318,0.8680658,0.23849954,-3.5983806,nan,nan,nan,nan,nan,nan,1.0930864,0.23691548,-3.5423033,1.1598866,-0.027935654,-3.5479202,1.1945183,-0.26666698,-3.559844,0.8629929,-0.23136702,-3.556153,0.8637699,-0.5747416,-3.4976687,1.0563048,-0.8220546,-3.6931205,1.0184802,-0.23755026,-3.538695,0.88832635,-0.59266996,-3.4973676,0.75051326,-0.94343317,-3.3358486,0.8715808,0.44885007,-3.5011096,0.92969453,0.44834408,-3.5027442,nan,nan,nan,1.043715,0.45901424,-3.670698
2.85724E+12,0.8459163,0.4311446,-3.4578059,0.93273556,0.24194965,-3.5260675,0.80824786,0.2475911,-3.5073762,nan,nan,nan,nan,nan,nan,1.0367064,0.24743897,-3.4773538,1.0950197,-0.013026625,-3.4868047,1.1262558,-0.24882612,-3.517251,0.8061514,-0.22562641,-3.5142643,0.7703343,-0.57669944,-3.4465876,0.97415334,-0.7874688,-3.6009145,0.9628402,-0.23707536,-3.4793537,0.87265533,-0.6004523,-3.4439733,0.75961584,-0.9300058,-3.3259103,0.8224205,0.45964304,-3.4404984,0.8754952,0.45844245,-3.4381201,nan,nan,nan,0.9838661,0.460553,-3.5850909
2.85724E+12,0.7860313,0.43937615,-3.3918924,0.8741599,0.24922073,-3.4555151,0.7518803,0.25123549,-3.428316,nan,nan,nan,nan,nan,nan,0.9747916,0.25020105,-3.3935075,1.0332,-0.012905747,-3.442472,1.0423682,-0.24003229,-3.4728515,0.7559105,-0.21544275,-3.464297,0.6858965,-0.5687003,-3.3990262,0.8280455,-0.78710526,-3.412583,0.9059538,-0.22960924,-3.4125662,0.84433216,-0.6000037,-3.3937097,0.77350044,-0.92429376,-3.3245945,0.76771253,0.466736,-3.376996,0.8215229,0.46538773,-3.37281,nan,nan,nan,0.9366683,0.47257972,-3.5481524
2.85724E+12,0.71684563,0.44083655,-3.333326,0.8249476,0.2532639,-3.417389,0.70078385,0.25145116,-3.3675685,nan,nan,nan,nan,nan,nan,0.9127541,0.24907324,-3.3222182,0.970131,-0.009002849,-3.3943477,0.94966465,-0.24139862,-3.4041042,0.7000706,-0.22264335,-3.4260695,0.59774166,-0.5698687,-3.3630702,0.6331282,-0.80998987,-3.1658845,0.8458133,-0.23647793,-3.3457203,0.819096,-0.60084325,-3.3574238,0.7783812,-0.92045057,-3.3111956,0.70754576,0.46730724,-3.3221083,0.75599587,0.4656378,-3.3143797,nan,nan,nan,0.8785348,0.47692555,-3.5097923
2.85724E+12,0.66115576,0.43279648,-3.2769897,0.76252836,0.24732462,-3.3592892,0.6401748,0.24353181,-3.3005497,nan,nan,nan,nan,nan,nan,0.85681325,0.24709558,-3.280399,0.90045273,-0.016076475,-3.3185437,0.85444146,-0.23649646,-3.3359532,0.6397012,-0.22378841,-3.3411062,0.5212852,-0.5719048,-3.3273292,0.45074385,-0.8318176,-3.007861,0.79499716,-0.23936377,-3.2840524,0.7920768,-0.5959033,-3.315879,0.77879953,-0.8992022,-3.2859468,0.6523519,0.462509,-3.2655058,0.6970264,0.4563625,-3.2565148,nan,nan,nan,0.8102965,0.45714098,-3.383734
2.85724E+12,0.5961573,0.42252055,-3.2162814,0.69913465,0.24164572,-3.3154144,0.580515,0.23563777,-3.2353075,nan,nan,nan,nan,nan,nan,0.80140996,0.23930691,-3.2427251,0.82241833,-0.02987586,-3.2368739,0.7532809,-0.23986758,-3.257586,0.578772,-0.22347458,-3.2770054,0.45944262,-0.5840468,-3.294845,0.30487502,-0.86186415,-2.9316242,0.7356418,-0.23854673,-3.2198381,0.7515789,-0.5886907,-3.2779617,0.77740735,-0.88280636,-3.2609947,0.5871335,0.45389336,-3.203806,0.6343281,0.44977045,-3.1966767,nan,nan,nan,0.7420836,0.4404892,-3.2866387
2.85724E+12,0.536068,0.41640174,-3.1562002,0.6248076,0.23432884,-3.2464879,0.5079265,0.22220765,-3.1766262,nan,nan,nan,nan,nan,nan,0.7352269,0.23174855,-3.1954772,0.7433851,-0.038260788,-3.161394,0.66908395,-0.24500877,-3.1891994,0.50583947,-0.22320479,-3.1801708,0.39353573,-0.5935481,-3.2655609,0.22486429,-0.90089726,-2.9501047,0.65914685,-0.23828672,-3.1376722,0.68707126,-0.5796912,-3.212157,0.76542866,-0.8666079,-3.2383227,0.52204365,0.4438711,-3.1424117,0.5705865,0.4412705,-3.1358552,nan,nan,nan,0.67315304,0.42586893,-3.2017758
2.85724E+12,0.47501525,0.41703784,-3.0918548,0.55512196,0.23260456,-3.1868036,0.43444833,0.22164966,-3.10261,nan,nan,nan,nan,nan,nan,0.6638438,0.22948414,-3.1440485,0.6642795,-0.042290896,-3.0853598,0.5865718,-0.25247216,-3.0969887,0.42975903,-0.22132754,-3.1043642,0.3317827,-0.60216826,-3.2220957,0.19136527,-0.9150269,-2.9384897,0.5798865,-0.23881961,-3.0509043,0.59405845,-0.5805092,-3.115796,0.7351989,-0.8441061,-3.2083333,0.46272078,0.4418645,-3.080174,0.5071728,0.43595132,-3.073277,nan,nan,nan,0.59955376,0.41684407,-3.1202154
2.85724E+12,0.41034678,0.42180753,-3.025187,0.4857359,0.23693803,-3.1066122,0.367535,0.22854282,-3.0337524,nan,nan,nan,nan,nan,nan,0.59760416,0.23164773,-3.1004674,0.60681796,-0.03954175,-3.0409412,0.5259243,-0.25048187,-3.0201707,0.35226995,-0.21773103,-3.033901,0.27961314,-0.60787046,-3.1835253,0.18626907,-0.91099846,-2.8993773,0.496471,-0.23691338,-2.97955,0.48367444,-0.58268064,-3.0240161,0.65416175,-0.80645466,-3.112387,0.3992985,0.44865036,-3.0133348,0.44074756,0.4407009,-3.0068002,nan,nan,nan,0.52077204,0.42459062,-3.0290055
2.85724E+12,0.34862268,0.42856884,-2.9570787,0.41897756,0.23651789,-3.0171158,0.3007863,0.24234411,-2.9782643,nan,nan,nan,nan,nan,nan,0.53485185,0.2343525,-3.033882,0.5541858,-0.032337815,-2.992933,0.48930064,-0.24718958,-2.9651694,0.28646186,-0.21469615,-2.9889116,0.24513859,-0.59413284,-3.0796568,0.19154961,-0.9011836,-2.8567095,0.42719477,-0.23075886,-2.935695,0.3650716,-0.56584245,-2.9219797,0.5176734,-0.787036,-2.9052637,0.33866242,0.45665544,-2.945731,0.37681493,0.45476213,-2.9462314,nan,nan,nan,0.4584398,0.43802437,-2.9744377
2.85724E+12,0.2914612,0.4367245,-2.8956742,0.35936722,0.24252792,-2.947468,0.25057817,0.25397044,-2.9367535,nan,nan,nan,nan,nan,nan,0.47459444,0.2418916,-2.9660532,0.50581276,-0.022947088,-2.9456518,0.45764664,-0.24281955,-2.9182208,0.22755815,-0.20663664,-2.9388716,0.21945164,-0.58014506,-2.9993143,0.2064242,-0.8907714,-2.8562126,0.37352163,-0.22026755,-2.885819,0.27026993,-0.5547463,-2.8670733,0.34028864,-0.7892491,-2.6793368,0.2780965,0.46520013,-2.8840048,0.3185274,0.46809298,-2.8927028,nan,nan,nan,0.4003566,0.45081073,-2.9228628
2.85724E+12,0.2379503,0.43765712,-2.8412125,0.30824748,0.24427575,-2.8887978,0.19983058,0.2523787,-2.8929627,0.19490372,-0.01687716,-3.0374048,0.099524036,-0.2220795,-2.9082386,0.42207375,0.24874076,-2.907739,0.46214393,-0.0209537,-2.913021,0.43849355,-0.24555112,-2.869895,0.186188,-0.2036405,-2.8860147,0.21097426,-0.5612947,-2.94887,0.22471614,-0.8747077,-2.8477707,0.327482,-0.20823292,-2.8405805,0.1919554,-0.54514074,-2.8479621,0.2155638,-0.81041354,-2.6386862,0.22672768,0.4663667,-2.831249,0.2653922,0.4736423,-2.8540676,nan,nan,nan,0.3500035,0.4588191,-2.877185
2.85724E+12,0.1913066,0.43365386,-2.7916863,0.26254302,0.23490839,-2.835063,0.15507948,0.24025354,-2.8506951,0.13541123,-0.018477991,-2.841502,0.039760653,-0.22726424,-2.8546157,0.37502012,0.23898543,-2.8581638,0.42093945,-0.024029806,-2.862996,0.41466513,-0.2573104,-2.8256197,0.14016587,-0.20830582,-2.8340232,0.19897446,-0.5633346,-2.9129832,0.23784156,-0.8626657,-2.8276598,0.28506795,-0.21451133,-2.7903292,0.13375384,-0.5531376,-2.8126967,0.06948478,-0.8291248,-2.496997,0.17773251,0.46212798,-2.7825115,0.21966407,0.46406782,-2.801866,nan,nan,nan,0.30860174,0.44638044,-2.8154461
2.85724E+12,0.14158195,0.4261213,-2.741504,0.21606657,0.22580291,-2.7780566,0.11520308,0.23086958,-2.8222826,0.08844058,-0.024056047,-2.8243697,-0.00795988,-0.22796771,-2.8061213,0.3263002,0.22927994,-2.8034325,0.37787488,-0.03780763,-2.8017325,0.38205022,-0.27342576,-2.7945194,0.09884782,-0.2214116,-2.7824259,0.17810859,-0.56575644,-2.8763444,0.24616502,-0.85315084,-2.8085306,0.23740399,-0.22529922,-2.7396739,0.08595606,-0.566185,-2.7727542,-0.034327414,-0.8545972,-2.448264,0.13064441,0.45049942,-2.73391,0.17764512,0.4529909,-2.766238,nan,nan,nan,0.26320946,0.43840128,-2.7568588
2.85724E+12,0.09775337,0.4205799,-2.6906292,0.17407936,0.2187336,-2.7323902,0.07509221,0.22874245,-2.7857575,0.041760363,-0.03131318,-2.7580938,-0.051735446,-0.23793362,-2.751557,0.27998945,0.22011113,-2.739252,0.32602715,-0.046251595,-2.7338455,0.34125277,-0.27581877,-2.7273343,0.056997612,-0.23275802,-2.7455451,0.13772635,-0.55648524,-2.8212945,0.24226813,-0.8338159,-2.789809,0.1897333,-0.23385307,-2.6851542,0.039760727,-0.5886081,-2.7287402,-0.098720655,-0.87822497,-2.4121447,0.08880602,0.4421459,-2.6845937,0.13545708,0.44481015,-2.7114346,nan,nan,nan,0.216328,0.42788035,-2.6948025
2.85724E+12,0.054553863,0.41983607,-2.635731,0.12965026,0.21493718,-2.6661549,0.031247405,0.22471465,-2.7500827,0.005834032,-0.031352237,-2.7138069,-0.084861,-0.24511342,-2.6955888,0.23128074,0.21468425,-2.6581702,0.27692452,-0.05083278,-2.6936972,0.29022396,-0.28730357,-2.6598012,0.014395235,-0.23775224,-2.7115376,0.074351214,-0.55771905,-2.7505496,0.21703216,-0.803634,-2.7550662,0.13932161,-0.2364942,-2.6306214,0.001865745,-0.6086973,-2.7020428,-0.13113898,-0.89827555,-2.396712,0.05068937,0.4431514,-2.630208,0.09108441,0.44992685,-2.6651416,nan,nan,nan,0.16954984,0.42037296,-2.6338944
2.85724E+12,0.015841104,0.41813177,-2.575538,0.08934255,0.21862304,-2.60836,-0.005609579,0.22728074,-2.6543176,nan,nan,nan,nan,nan,nan,0.18402335,0.21353114,-2.5888553,0.22520712,-0.04820782,-2.6237266,0.23682527,-0.28887677,-2.58207,-0.03996688,-0.23332569,-2.6649191,-0.019265255,-0.55938023,-2.6245494,0.17074895,-0.7715522,-2.697292,0.09504423,-0.23443994,-2.5709531,-0.024395995,-0.62208855,-2.652738,-0.13572559,-0.90635264,-2.3937197,0.011457338,0.44585648,-2.568632,0.05575427,0.44832835,-2.598738,nan,nan,nan,0.12712187,0.41486055,-2.5721197
2.85724E+12,-0.026469946,0.42638013,-2.5154212,0.04807565,0.22553864,-2.5423732,-0.041698802,0.23588882,-2.6117833,nan,nan,nan,nan,nan,nan,0.13808201,0.2214732,-2.5232508,0.16789256,-0.034444198,-2.548379,nan,nan,nan,-0.08963749,-0.22439997,-2.6261303,-0.11029239,-0.5603791,-2.5375984,0.09427028,-0.7473896,-2.5890942,0.04893866,-0.23022826,-2.5169652,-0.039760582,-0.6141204,-2.598148,-0.12250127,-0.90228224,-2.3928094,-0.031448424,0.453492,-2.5093946,0.01493445,0.4530264,-2.5354707,nan,nan,nan,0.08804784,0.41978544,-2.5026894
2.85724E+12,-0.07056752,0.43366235,-2.4560342,0.007057811,0.23358369,-2.471032,-0.08416639,0.24081993,-2.5272276,nan,nan,nan,nan,nan,nan,0.096640356,0.22656238,-2.4469466,0.12159384,-0.028631464,-2.509007,0.101285525,-0.26377356,-2.425391,-0.13521264,-0.22026141,-2.5904934,-0.19251853,-0.5553571,-2.4696422,-0.000564745,-0.74262846,-2.433408,0.009022288,-0.22761561,-2.4583385,-0.053188663,-0.60975254,-2.5533254,-0.10615577,-0.90582085,-2.411938,-0.07258058,0.46011096,-2.4521031,-0.029113097,0.45732504,-2.471954,nan,nan,nan,0.045220174,0.4257596,-2.4394808
2.85724E+12,-0.11144866,0.4362887,-2.3988633,-0.032787025,0.23648566,-2.4145367,-0.12453581,0.24084182,-2.4539223,nan,nan,nan,nan,nan,nan,0.056807313,0.23142417,-2.3918467,0.0741362,-0.028506637,-2.465066,0.019205147,-0.2462643,-2.332872,-0.17212021,-0.21740238,-2.5272377,-0.2612498,-0.55766857,-2.4348571,-0.12405538,-0.7373231,-2.239682,-0.02261116,-0.22610195,-2.3949986,-0.06643733,-0.597307,-2.4957438,-0.097674616,-0.9073324,-2.419583,-0.11498822,0.46478248,-2.3938413,-0.07415479,0.46059448,-2.4085379,nan,nan,nan,0.003931163,0.42827076,-2.3813946
2.85724E+12,-0.15234871,0.43176436,-2.3413785,-0.074365854,0.23411058,-2.3522344,-0.16474858,0.2466923,-2.3987346,nan,nan,nan,nan,nan,nan,0.01783154,0.23084909,-2.333415,0.033266444,-0.03183064,-2.3937402,-0.059607208,-0.2296076,-2.2457013,-0.20959969,-0.2195852,-2.4563715,-0.3156423,-0.56541276,-2.4077055,-0.2575967,-0.7501572,-2.0674965,-0.051866513,-0.22955854,-2.3404703,-0.08440033,-0.59400105,-2.459364,-0.09009282,-0.9009844,-2.417495,-0.15702376,0.46131214,-2.3363514,-0.11504595,0.45661864,-2.3484063,nan,nan,nan,-0.038676508,0.42428085,-2.32463
2.85724E+12,-0.18935461,0.42340195,-2.2875652,-0.11304712,0.2295737,-2.298098,-0.20263709,0.24146575,-2.3534997,nan,nan,nan,nan,nan,nan,-0.023067046,0.22470121,-2.2852507,-0.008254749,-0.040350035,-2.3253076,-0.1291684,-0.21885298,-2.18524,-0.24636562,-0.22095594,-2.3780324,-0.35742563,-0.5768903,-2.385533,-0.38371095,-0.7938563,-1.9998686,-0.086053945,-0.23455359,-2.2773647,-0.10215483,-0.5905646,-2.422689,-0.08453892,-0.89589924,-2.4154775,-0.19474633,0.45322138,-2.2829764,-0.1523196,0.44820714,-2.2921035,nan,nan,nan,-0.077990115,0.41634524,-2.2703567
2.85724E+12,-0.22959569,0.41010636,-2.236678,-0.15548217,0.22074011,-2.2473068,-0.24717247,0.22776622,-2.2843165,nan,nan,nan,nan,nan,nan,-0.064752564,0.21497245,-2.2400534,-0.04967755,-0.05162552,-2.2651365,-0.18324204,-0.21865584,-2.1484354,-0.2890123,-0.22522505,-2.304517,nan,nan,nan,-0.48084626,-0.84604394,-2.005044,-0.12322829,-0.24119118,-2.2213943,-0.12942444,-0.5915448,-2.3766458,-0.08440796,-0.8920109,-2.4127457,-0.2353321,0.43966442,-2.2326686,-0.19303764,0.43445402,-2.2390988,nan,nan,nan,-0.12079906,0.40693563,-2.2213705
2.85724E+12,-0.27132833,0.39739323,-2.1878731,-0.19946197,0.20951468,-2.197267,-0.29470685,0.21321912,-2.221995,nan,nan,nan,nan,nan,nan,-0.108872965,0.20552555,-2.1847687,-0.09726018,-0.06423758,-2.2229362,-0.22585818,-0.23226582,-2.1096044,-0.33959138,-0.23549454,-2.2501228,-0.44943866,-0.60744596,-2.285237,-0.53120905,-0.8825972,-2.0068088,-0.1674371,-0.24767074,-2.1637788,-0.17127854,-0.5858317,-2.313276,-0.08812135,-0.8858595,-2.4096355,-0.27420148,0.42667648,-2.1860802,-0.23536286,0.4210467,-2.1885242,nan,nan,nan,-0.16200046,0.39678258,-2.174049
2.85724E+12,-0.31385642,0.39308804,-2.1481311,-0.24471787,0.20491727,-2.1646202,-0.34392875,0.20603178,-2.174977,nan,nan,nan,nan,nan,nan,-0.1541102,0.1989879,-2.1457608,-0.14131448,-0.067558244,-2.1764069,-0.24255897,-0.24757905,-2.0653913,-0.39837673,-0.23861872,-2.1954443,nan,nan,nan,-0.54232013,-0.8950348,-2.006834,-0.22640376,-0.24758063,-2.1047797,-0.22296497,-0.58743066,-2.238251,-0.100905284,-0.87048745,-2.403099,-0.31754652,0.42436606,-2.1449592,-0.27832487,0.41883546,-2.1465266,nan,nan,nan,-0.204442,0.3905106,-2.1329806
2.85724E+12,-0.35552225,0.3935714,-2.1089954,-0.2859005,0.20382094,-2.1297874,-0.38357422,0.20669058,-2.1342888,nan,nan,nan,nan,nan,nan,-0.19263345,0.19928218,-2.1045222,-0.18615398,-0.067983285,-2.1453006,-0.25223276,-0.2661767,-2.070364,-0.45321402,-0.23652618,-2.1682622,-0.5327806,-0.6166607,-2.247888,-0.5369431,-0.90110993,-2.0223825,-0.28072435,-0.2430165,-2.069792,-0.29012778,-0.5876763,-2.1600654,-0.13450034,-0.8416323,-2.3626785,-0.35999107,0.4231847,-2.1064148,-0.32046294,0.42038423,-2.105908,nan,nan,nan,-0.24696958,0.3896914,-2.0945077
2.85724E+12,-0.395224,0.40504354,-2.0685472,-0.3196512,0.20735726,-2.0890596,-0.41593286,0.21228686,-2.097588,nan,nan,nan,nan,nan,nan,-0.22678271,0.20224604,-2.0740216,-0.22020711,-0.063339874,-2.103951,-0.24867095,-0.27978396,-2.0562623,-0.49890134,-0.22982635,-2.145808,-0.5461424,-0.6055821,-2.2073069,-0.5326422,-0.9118046,-2.061449,-0.3242102,-0.23818173,-2.045885,-0.3588547,-0.58112127,-2.0955212,-0.19194493,-0.80694884,-2.2596524,-0.3975169,0.43347162,-2.0681381,-0.35843134,0.42727917,-2.069191,nan,nan,nan,-0.283216,0.39596736,-2.0623322
2.85724E+12,-0.42615473,0.41364762,-2.03841,-0.35239345,0.21158198,-2.0541046,-0.44678766,0.21775237,-2.0645003,nan,nan,nan,nan,nan,nan,-0.25696817,0.20818496,-2.0388126,-0.24306665,-0.053731024,-2.080429,-0.24847917,-0.28579864,-2.0653052,-0.524854,-0.22607777,-2.121265,-0.55117893,-0.60252523,-2.1676254,-0.52701426,-0.92117184,-2.1000195,-0.3545836,-0.23678268,-2.0306199,-0.4164151,-0.57376856,-2.0542948,-0.25988203,-0.80318123,-2.1484187,-0.42686203,0.4409862,-2.038425,-0.39053056,0.43727607,-2.0364661,nan,nan,nan,-0.31219578,0.4036414,-2.0345984
2.85724E+12,-0.44868082,0.41965312,-2.0161448,-0.3728845,0.2212309,-2.0226471,-0.4678109,0.23003304,-2.0390203,nan,nan,nan,nan,nan,nan,-0.28000864,0.21389034,-2.0117116,-0.25233123,-0.046909586,-2.0579724,-0.25375015,-0.287153,-2.0711787,-0.54518545,-0.22088699,-2.1116815,-0.5557289,-0.5976792,-2.138423,-0.5244028,-0.9329507,-2.141806,-0.3766564,-0.23249482,-2.0201626,-0.4572834,-0.5725684,-2.0304549,-0.32839245,-0.82768846,-2.036803,-0.4513682,0.44624633,-2.0162237,-0.4141928,0.4416949,-2.0135515,nan,nan,nan,-0.33706802,0.41225076,-2.013179
2.85724E+12,-0.46911317,0.42087594,-1.9989618,-0.39042908,0.22690594,-2.004902,-0.4834428,0.23546211,-2.021329,nan,nan,nan,nan,nan,nan,-0.29868189,0.22167543,-1.9896886,-0.26026374,-0.0456039,-2.0418377,-0.25989053,-0.28483173,-2.0658743,-0.55220246,-0.21574208,-2.0905187,-0.55113906,-0.5939227,-2.1130002,-0.5319343,-0.94469976,-2.1717472,-0.3912671,-0.22636156,-2.011606,-0.4715896,-0.5690555,-2.0131645,-0.39348912,-0.8762207,-2.0006135,-0.47321755,0.44694406,-1.9988024,-0.434025,0.44865736,-1.995776,nan,nan,nan,-0.3564736,0.41773152,-1.9935417
2.85724E+12,-0.48081538,0.42194504,-1.9859152,-0.39775458,0.2289528,-1.9914036,-0.48569414,0.2367507,-2.0049891,nan,nan,nan,nan,nan,nan,-0.30981266,0.22527465,-1.9727823,-0.2720725,-0.045404494,-2.0315232,-0.2803862,-0.28825212,-2.0660996,-0.5509878,-0.21181442,-2.0697167,-0.5449542,-0.5944799,-2.1013794,-0.53534544,-0.9548478,-2.196667,-0.40253997,-0.222252,-2.0051918,-0.4713304,-0.56904846,-2.0061588,-0.432036,-0.9148493,-2.0032163,-0.48581982,0.4477071,-1.9855964,-0.44509417,0.4504919,-1.981369,nan,nan,nan,-0.36793286,0.41895762,-1.9790875
2.85724E+12,nan,nan,nan,nan,nan,nan,nan,nan,nan,nan,nan,nan,nan,nan,nan,nan,nan,nan,nan,nan,nan,nan,nan,nan,nan,nan,nan,nan,nan,nan,nan,nan,nan,nan,nan,nan,nan,nan,nan,nan,nan,nan,nan,nan,nan,nan,nan,nan,nan,nan,nan,nan,nan,nan
